replication,rear_mode_int
0,0.4003798842860749
1,1.9364665994031838
2,-0.009712584265258672
3,0.32083671519912255
4,1.4668146126890358
5,1.7565732505234724
6,1.7282683708176358
7,0.6560418034549682
8,0.9596673040964335
9,1.515896215761524
10,0.3390074787143017
11,1.6463840413154995
12,0.4823050119115667
13,0.755112887680719
14,0.1396380687348001
15,1.287636738310451
16,0.9993579708466087
17,0.8310390934032872
18,0.3795682532681729
19,0.8643243339107421
20,1.19693835837588
21,1.3103834802042478
22,1.8101723923322215
23,2.180545528361888
24,1.210619524035479
25,1.6291418648622231
26,2.6416972579291755
27,0.6902638442781907
28,2.2930185825512495
29,1.672458127979183
30,0.6866089850980159
31,1.905436579355663
32,1.7804642871174827
33,0.23662811516360371
34,1.8729892942188067
35,1.1551946393241714
36,0.7616976150268377
37,0.6641266639574741
38,1.4434924228390957
39,0.7029582904842436
40,1.3755554548491602
41,0.5302990802447421
42,0.8810011542413307
43,0.8314945558805416
44,0.9661021191902314
45,0.6717285475510847
46,1.4013698062753865
47,0.5853773828891375
48,1.3594615624351065
49,1.589269856471409
50,2.335592573945637
51,1.7471751028049614
52,-0.08994486290766902
53,0.7672033804622344
54,1.440386858127368
55,1.0202583762725255
56,1.0470579367018316
57,0.6027740407352056
58,1.6791748283568504
59,1.9271313871593034
60,1.8700304274111845
61,1.4162892246767762
62,1.1848381307329692
63,1.645555188816498
64,2.2102357588204278
65,0.9023065895676865
66,1.2330150377898232
67,0.9774040713725832
68,0.9709036704591214
69,1.2691123851919675
70,0.59861742366466
71,2.3577034420853393
72,1.9375989153799824
73,1.3220452282773762
74,0.4158141970106531
75,1.4073912314487615
76,0.7771802257511848
77,0.7378978717312018
78,0.09670302685673515
79,0.5939098235207992
80,-0.002713027411633831
81,1.6931697959924203
82,1.0837230121212333
83,1.5848991332762847
84,0.6393718884795019
85,0.9260695524498379
86,1.9571391761010823
87,0.5243854297431195
88,2.022123872518101
89,0.8618260195247943
90,1.9579889695972479
91,1.113735898416735
92,0.7381693002962239
93,1.7797229067308393
94,1.8011335892402136
95,0.9578511516823293
96,0.5873634824893779
97,1.503987174050291
98,1.6288490541413365
99,1.0673832123888067
100,1.4332802630948716
101,1.3117543362065516
102,0.017596720613847233
103,1.2039602525767672
104,0.48739793214371097
105,2.5669516025972894
106,2.230450185128938
107,1.0285042467516763
108,1.5845358530678166
109,2.2646931620679496
110,1.6705415158850756
111,1.3660340968377163
112,0.9036744565851353
113,1.312582786104913
114,1.236646547022025
115,1.2576112860114699
116,1.103846721571879
117,1.771341498553924
118,1.2692782713366273
119,3.6512048230884107
120,0.8681115189377666
121,1.947854549797062
122,2.2532074774832584
123,0.35122889535525226
124,1.5857679709292116
125,0.6337778924280068
126,0.7872144869285569
127,1.2505569439157376
128,1.9787829862648794
129,1.946993716201948
130,1.4592513198938106
131,0.7467484805479763
132,1.3920293970456736
133,1.8612341241606405
134,1.142632573368023
135,0.555595822698538
136,0.8318591191176065
137,1.4197704652139302
138,1.2198066805380188
139,0.9287215825189507
140,1.0684252085638337
141,1.3947623570908014
142,0.6324192143015722
143,0.9527357587022223
144,1.9594801226465988
145,1.1671689003854115
146,0.6113021200265425
147,0.48942360670773677
148,1.4098871707289191
149,1.9945906329404508
150,1.2952903008444199
151,0.8743908361323536
152,0.5778572353014755
153,1.3112159440859963
154,1.715197452016075
155,2.657820957371043
156,1.3659641914688372
157,1.467289523727092
158,2.4165838165073734
159,2.1308275719662295
160,0.6195304928977935
161,0.9588856447242637
162,1.104009413649377
163,1.329811968653258
164,1.4529519463789438
165,1.4327579517212545
166,1.058465978140831
167,0.44741827181184113
168,1.1588516925639645
169,0.14931469011666137
170,1.4824000794639416
171,1.0254742407854112
172,1.385894801185292
173,0.6642502581941768
174,2.7748888172464827
175,0.8050195165670961
176,1.7856213496725644
177,1.9869336309311403
178,1.4411076375105374
179,1.5534538873706425
180,1.2801867933597988
181,1.8658888542218204
182,1.5471539423522767
183,0.7438782088286168
184,0.28958696079540114
185,1.3633752418139395
186,2.1088839667499806
187,1.0664935033339562
188,1.1865453521172484
189,1.0119734811771344
190,1.523687654147428
191,1.8865616522263347
192,0.9020086137297902
193,1.1205308391594484
194,1.039042105724632
195,2.0222205400729005
196,1.6421756002747685
197,1.713695119098154
198,1.6567824734186938
199,0.6489442803868767
200,1.7126063248272851
201,0.4373999674182277
202,2.1792740810885194
203,1.9624207560323152
204,1.464531361773828
205,1.8382608659255282
206,0.5816166990451526
207,1.7492111638963457
208,2.1724592491954744
209,0.27178013407490714
210,0.9186977245418063
211,1.5369892659373872
212,0.8972920583333207
213,0.7839959558151474
214,1.2866361226961844
215,1.2952847161362155
216,1.0598780542059043
217,1.3215386511119966
218,1.8286745268901075
219,1.2239882066156782
220,0.6656834898635524
221,0.9961253249723341
222,1.1533171689947561
223,-0.08524564253926975
224,1.8859794921225397
225,1.7956123085395412
226,0.9764945560513507
227,1.1050207300392332
228,0.09360862113501789
229,1.3496841654188396
230,1.1735636584412605
231,0.7585710741831087
232,0.8005113623983265
233,1.0740048707851746
234,1.2245995191324361
235,1.3459975587968152
236,0.696260898090167
237,1.8045797073654792
238,0.5693494667890682
239,0.6917651414645783
240,2.044121762566445
241,0.7148926157901602
242,0.8978801233730431
243,1.6331784426596752
244,1.0057100621523156
245,0.7199035140657991
246,0.9032247246408509
247,1.150696300607939
248,1.01132867569822
249,1.313588516934568
250,0.9849848942353624
251,1.4795259565991747
252,1.5525176240880263
253,1.2590796870061425
254,0.6091944197235551
255,0.4206322034401097
256,0.5913727670096471
257,0.7661276048560262
258,1.5845601479155857
259,1.8088447793742644
260,1.8428812471632876
261,1.425617307723027
262,1.0817419567789754
263,1.1410996164853475
264,1.6619671789700419
265,0.14066363535490828
266,-0.3149502088216236
267,0.2562776991683821
268,0.6060525168283737
269,0.7450393564529931
270,1.6408085080658759
271,1.4294586496891275
272,1.1512322618608204
273,0.8790586857315859
274,1.1303755434556644
275,1.0270726776019794
276,0.5549265079201939
277,1.2716228162030556
278,2.240189768055319
279,2.4134947508261897
280,0.9485388213317543
281,1.0100264078524235
282,2.525588465515351
283,0.941267815374665
284,1.5025759322699421
285,0.01230596881963266
286,1.0110568011935812
287,1.4530607539312907
288,0.5386848916598388
289,1.5718117815523294
290,1.3810063888030042
291,2.0001907244050567
292,1.4838118056393967
293,1.4929246226306594
294,2.666135593758857
295,1.8508195921966248
296,1.9366046900594647
297,1.4087857231141543
298,0.6699397830361014
299,0.6551445232060145
